
The columns in this table are:

(0) row
(1) galaxy name
(2) ratio of Hbeta flux to Halpha flux
(3) note on Hbeta flux ratio
(4) ratio of [OIII] 5007 flux to Halpha flux
(5) note on [OIII] flux ratio
(6) ratio of [OI] 6300 flux to Halpha flux
(7) note on [OI] flux ratio
(8) ratio of [NII] 6583 flux to Halpha flux
(9) note on [NII] flux ratio
(10) log of (the observed Halpha flux in units of erg/cm^2/s)
(11) note on the log of the observed Halpha flux
(12) log of (the Halpha luminosity in units of erg/s)
(13) note on the log of the Halpha luminosity
(14) equivalent width of the Halpha line (units of Angstroms)
(15) note on the Halpha equivalent width
(16) FWHM of the [NII] 6583 line (units of km/s)
(17) note on the [NII] line width

The notes mean:

 L  = 3 sigma lower limit
 u  = 3 sigma upper limit
 s  = line strength obtained by scaling the intensity of another line
 b  = value with substantial uncertainty of +/- 30-50%
 c  = value with very substantial uncertainty of +/- 100%
 ok = none of the above

"row","galaxy name","ratio of Hbeta flux to Halpha flux","note on Hbeta flux ratio","ratio of [OIII] 5007 flux to Halpha flux","note on [OIII] flux ratio","ratio of [OI] 6300 flux to Halpha flux","note on [OI] flux ratio","ratio of [NII] 6583 flux to Halpha flux","note on [NII] flux ratio","log of (the observed Halpha flux in units of erg/cm^2/s)","note on the log of the observed Halpha flux","log of (the Halpha luminosity in units of erg/s)","note on the log of the Halpha luminosity","equivalent width of the Halpha line (units of Angstroms)","note on the Halpha equivalent width","FWHM of the [NII] 6583 line (units of km/s)","note on the [NII] line width"
0,IC 10   ,0.08,ok,0.35,ok,0.006,u,0.04,ok,-12.72,ok,37.59,ok,1743.64,ok,70,ok
1,IC 239  ,1.47,u ,1.47,u,0.59,u,0.59,c,-15.77,cL,36.76,cL,0.81,c,-99,ok
2,IC 342  ,0.13,ok,0.01,ok,0.007,ok,0.45,ok,-12.67,L ,38.36,L ,41.49,ok,145,ok
3,IC 356  ,0.1,c ,0.24,ok,0.11,ok,1.68,ok,-14.4,L ,38.19,L ,1.28,ok,311,ok
4,IC 467  ,0.17,ok,0.07,ok,0.058,ok,0.44,ok,-14.65,L ,38.3,L ,6.76,ok,104,ok
5,IC 520  ,0.53,b ,1.3,b,0.097,c,1.66,ok,-14.5,ok,38.92,ok,0.77,ok,198,ok
6,IC 1727 ,0.19,ok,0.45,ok,0.16,ok,0.93,ok,-14.21,ok,37.69,ok,2.12,ok,176,ok
7,IC 2574 ,0.18,ok,0.04,ok,0.025,u,0.07,ok,-14.19,ok,36.95,ok,641,ok,67,ok
8,NGC 63  ,0.17,ok,0.07,ok,0.016,ok,0.49,ok,-12.86,ok,39.77,ok,89.61,ok,120,ok
9,NGC 185 ,0.23,ok,0.75,ok,0.22,ok,0.61,ok,-15.01,ok,34.75,ok,4.62,ok,87,ok
10,NGC 266 ,0.57,b ,1.35,b,0.28,c,2.36,ok,-14.37,ok,39.3,ok,1.23,ok,326,ok
11,NGC 278 ,0.22,b ,0.05,ok,0.022,b,0.5,ok,-13.45,ok,38.77,ok,8.1,ok,109,ok
12,NGC 315 ,0.37,ok,0.76,ok,0.59,ok,2.91,ok,-14.16,ok,39.55,ok,2.28,ok,402,ok
13,NGC 404 ,0.27,ok,0.34,ok,0.17,ok,0.44,ok,-13.21,ok,37.63,ok,9.17,ok,151,ok
14,NGC 410 ,1.01,ok,0.77,u,0.097,u,1.78,ok,-14.34,ok,39.43,ok,0.99,ok,312,ok
15,NGC 428 ,0.81,u ,0.61,b,0.19,u,0.56,ok,-15.44,L ,36.98,L ,1,ok,104,ok
16,NGC 474 ,0.26,c ,0.62,b,0.21,u,0.47,b,-14.58,b ,38.52,b ,0.45,b,131,ok
17,NGC 488 ,0.22,b ,0.2,b,0.13,u,1.5,b,-14.19,b ,38.82,b ,1.02,b,356,ok
18,NGC 514 ,0.2,ok,0.08,ok,0.052,b,0.37,ok,-14.64,ok,38.46,ok,3.98,ok,102,ok
19,NGC 520 ,0.24,ok,0.18,ok,0.014,ok,0.39,ok,-13.64,ok,39.33,ok,33.22,ok,81,ok
20,NGC 521 ,0.32,ok,0.42,c,0.086,c,1.19,ok,-14.57,ok,39.16,ok,1.09,ok,176,ok
21,NGC 524 ,0.31,b ,0.15,u,0.14,u,1.54,ok,-14.52,ok,38.57,ok,0.52,ok,216,ok
22,NGC 598 ,0.22,u ,0.36,u,0.1,u,0.17,ok,-14.7,ok,35.07,ok,2.36,ok,128,ok
23,NGC 660 ,0.07,ok,0.18,ok,0.047,ok,0.85,ok,-13.33,ok,38.89,ok,28.82,ok,210,ok
24,NGC 672 ,0.27,ok,0.71,ok,0.008,u,0.08,ok,-14.02,ok,37.81,ok,476.5,ok,127,u
25,NGC 676 ,0.26,ok,2.66,ok,0.067,u,0.94,ok,-14.22,ok,38.44,ok,0.79,ok,264,ok
26,NGC 697 ,0.09,ok,0.07,ok,0.022,b,0.49,ok,-14.31,ok,39.01,ok,4.52,ok,144,ok
27,NGC 718 ,0.48,b ,0.62,ok,0.21,ok,2.16,ok,-14.29,ok,38.45,ok,0.85,ok,202,ok
28,NGC 772 ,0.27,ok,0.21,ok,0.026,b,0.75,ok,-13.86,ok,39.24,ok,3.65,ok,214,ok
29,NGC 777 ,0.65,c ,2.41,u,0.39,u,1.79,c,-15,c ,38.73,c ,0.23,c,-99,ok
30,NGC 783 ,0.2,ok,0.04,ok,0.019,ok,0.36,ok,-13.54,ok,40.21,ok,21.53,ok,121,ok
31,NGC 784 ,0.37,ok,1.8,ok,0.006,u,0.03,ok,-14,L ,37.42,L ,499,ok,70,ok
32,NGC 812 ,0.15,ok,0.04,b,0.039,b,0.43,ok,-14.07,ok,40.08,ok,12.7,ok,209,ok
33,NGC 818 ,0.14,ok,0.14,b,0.027,u,0.45,ok,-14.31,ok,39.31,ok,4.34,ok,229,ok
34,NGC 841 ,0.21,u ,0.43,c,0.58,b,1.43,ok,-14.52,L ,39.11,L ,1.26,ok,301,ok
35,NGC 864 ,0.27,ok,0.07,ok,0.012,ok,0.41,ok,-12.88,ok,39.8,ok,106.61,ok,101,ok
36,NGC 877 ,0.16,b ,0.22,b,0.052,ok,0.62,ok,-14.35,ok,39.18,ok,2.21,ok,168,ok
37,NGC 891 ,0.08,b ,0.08,u,0.043,u,0.29,ok,-14.73,L ,37.31,L ,-99,ok,83,ok
38,NGC 925 ,0.29,ok,0.24,ok,0.014,u,0.22,ok,-14.19,ok,37.83,ok,22.24,ok,142,u
39,NGC 959 ,0.26,ok,0.3,ok,0.032,ok,0.34,ok,-14.16,ok,37.92,ok,27.52,ok,86,ok
40,NGC 972 ,0.13,ok,0.1,ok,0.026,ok,0.42,ok,-13.1,ok,39.64,ok,34.22,ok,177,ok
41,NGC 1003,-99,ok,-99,ok,0.69,u,0.69,u,-14.89,ok,37.25,ok,8.67,ok,-99,ok
42,NGC 1052,0.42,ok,0.85,ok,0.71,ok,1.2,ok,-12.41,L ,40.16,L ,11.65,ok,482,ok
43,NGC 1055,-99,ok,-99,ok,0.064,ok,0.66,ok,-14.36,ok,37.92,ok,7.06,ok,79,ok
44,NGC 1058,0.14,b ,0.55,ok,0.18,ok,1.23,ok,-14.59,ok,37.4,ok,2.53,ok,96,ok
45,NGC 1068,0.19,ok,2.42,ok,0.087,ok,0.76,ok,-10.84,L ,41.55,L ,212.06,ok,931,ok
46,NGC 1073,0.22,b ,0.32,ok,0.028,c,0.46,ok,-14.55,ok,37.89,ok,4.29,ok,83,ok
47,NGC 1156,0.34,ok,1.54,ok,0.013,ok,0.1,ok,-12.73,ok,38.96,ok,1104.71,ok,71,ok
48,NGC 1161,0.19,b ,0.27,b,0.14,u,1.75,ok,-14.21,ok,38.7,ok,0.96,ok,518,ok
49,NGC 1167,0.16,ok,0.89,ok,0.31,ok,2.01,ok,-13.49,ok,40.21,ok,9.47,ok,550,ok
50,NGC 1169,0.48,u ,0.81,ok,0.32,ok,2.82,ok,-14.46,ok,38.67,ok,1.31,ok,346,ok
51,NGC 1186,0.13,ok,0.07,ok,0.019,ok,0.53,ok,-13.07,ok,40.11,ok,60.37,ok,256,ok
52,NGC 1275,0.2,b ,2.96,ok,1.37,ok,1.36,ok,-12.63,ok,41.14,ok,23.7,ok,442,ok
53,NGC 1358,0.26,ok,2.99,ok,0.26,ok,2.01,ok,-13.17,L ,40.36,L ,5.55,ok,246,ok
54,NGC 1560,0.24,ok,0.66,ok,0.006,u,0.07,ok,-13.47,L ,37.56,L ,1118,ok,67,ok
55,NGC 1569,0.16,ok,0.85,ok,0.002,b,0.04,ok,-13.01,ok,37.48,ok,20.18,ok,87,ok
56,NGC 1667,0.24,ok,1.78,ok,0.24,ok,2.38,ok,-13.11,L ,40.54,L ,10.38,ok,365,ok
57,NGC 1961,0.17,ok,0.2,ok,0.21,ok,1.96,ok,-13.72,L ,39.81,L ,10.98,ok,371,ok
58,NGC 2146,0.09,ok,0.04,ok,0.023,ok,0.45,ok,-12.79,ok,39.76,ok,60.44,ok,139,ok
59,NGC 2268,0.22,ok,0.32,ok,0.035,ok,0.59,ok,-13.39,ok,39.76,ok,17.67,ok,177,ok
60,NGC 2273,0.18,ok,1.05,ok,0.12,ok,0.86,ok,-12.58,ok,40.41,ok,40.07,ok,210,ok
61,NGC 2276,0.14,ok,0.02,ok,0.014,ok,0.35,ok,-13.34,ok,39.87,ok,67.51,ok,118,ok
62,NGC 2336,0.22,ok,0.65,ok,0.25,b,1.79,ok,-14.75,ok,38.39,ok,0.82,ok,266,ok
63,NGC 2339,0.08,ok,0.03,ok,0.029,ok,0.7,ok,-13.07,ok,39.99,ok,52.35,ok,302,ok
64,NGC 2342,0.14,ok,0.06,ok,0.033,ok,0.63,ok,-12.83,ok,40.93,ok,63.37,ok,302,ok
65,NGC 2403,0.13,c ,0.27,u,0.063,u,0.28,ok,-14.85,L ,36.48,L ,2.15,ok,135,ok
66,NGC 2500,0.14,c ,0.33,b,0.068,c,0.33,ok,-15.06,ok,37.03,ok,3.83,ok,93,ok
67,NGC 2537,0.34,ok,0.63,ok,0.008,ok,0.15,ok,-13.07,ok,38.92,ok,98.61,ok,80,ok
68,NGC 2541,0.95,ok,1.52,u,0.082,ok,0.25,ok,-14.87,ok,37.26,ok,11.17,ok,117,u
69,NGC 2543,0.2,ok,0.07,ok,0.025,ok,0.45,ok,-13.41,ok,39.7,ok,34.25,ok,213,ok
70,NGC 2639,0.24,ok,0.83,ok,0.47,ok,4.25,ok,-13.65,L ,39.68,L ,5.49,ok,401,ok
71,NGC 2655,0.2,ok,0.78,ok,1.038,ok,2.91,ok,-13.3,ok,39.55,ok,4.76,ok,404,ok
72,NGC 2681,0.2,c ,0.35,b,0.19,b,2.36,ok,-13.5,L ,38.83,L ,1.83,ok,265,ok
73,NGC 2683,0.24,ok,0.71,ok,0.33,ok,1.49,ok,-14.38,ok,37.21,ok,2.48,ok,223,ok
74,NGC 2685,0.18,b ,0.56,ok,0.13,b,0.93,ok,-13.84,ok,38.66,ok,1.57,ok,184,ok
75,NGC 2715,0.21,ok,0.2,ok,0.066,ok,0.45,ok,-14.21,ok,38.49,ok,18.76,ok,93,ok
76,NGC 2742,0.29,ok,0.28,b,0.04,b,0.35,ok,-14.49,ok,38.28,ok,7.18,ok,91,ok
77,NGC 2748,0.16,ok,0.04,ok,0.02,ok,0.35,ok,-13.6,ok,39.23,ok,17.74,ok,152,ok
78,NGC 2750,0.25,ok,0.04,ok,0.011,ok,0.43,ok,-12.65,ok,40.6,ok,69.11,ok,167,ok
79,NGC 2768,0.25,ok,0.4,ok,0.29,ok,1.46,ok,-13.82,L ,39.01,L ,2.68,ok,344,ok
80,NGC 2770,0.15,ok,0.05,ok,0.02,ok,0.38,ok,-14.16,L ,38.86,L ,18.05,ok,140,ok
81,NGC 2776,0.28,ok,0.18,ok,0.015,c,0.47,ok,-14.19,ok,39.06,ok,5.87,ok,104,ok
82,NGC 2782,0.15,ok,0.16,ok,0.051,ok,0.43,ok,-12.43,ok,40.79,ok,66.56,ok,312,ok
83,NGC 2787,0.51,ok,0.72,ok,0.55,b,1.61,ok,-13.79,ok,38.52,ok,1.46,ok,382,ok
84,NGC 2832,1.37,u ,1.37,u,0.62,u,2.91,b,-15.09,b ,38.91,b ,0.28,b,399,ok
85,NGC 2841,0.3,ok,0.56,ok,0.17,ok,1.83,ok,-13.71,L ,38.53,L ,2.19,ok,308,ok
86,NGC 2859,0.35,b ,0.94,ok,0.092,c,1.85,ok,-14.29,ok,38.59,ok,0.63,ok,203,ok
87,NGC 2903,0.22,ok,0.02,ok,0.008,ok,0.34,ok,-12.63,ok,39.04,ok,68.9,ok,115,ok
88,NGC 2911,0.23,ok,0.36,ok,0.31,ok,1.82,ok,-13.54,L ,39.79,L ,5.98,ok,475,ok
89,NGC 2964,0.18,ok,0.05,ok,0.017,ok,0.49,ok,-12.75,ok,40.01,ok,63.34,ok,235,ok
90,NGC 2967,0.35,b ,0.51,u,0.091,u,0.31,ok,-14.76,ok,38.3,ok,1.59,ok,170,u
91,NGC 2976,0.25,ok,0.36,ok,0.012,ok,0.31,ok,-13.7,ok,37.02,ok,90,ok,71,ok
92,NGC 2977,0.21,ok,0.07,ok,0.024,u,0.35,ok,-13.95,L ,39.35,L ,8.48,ok,178,ok
93,NGC 2985,0.47,ok,0.46,ok,0.12,b,0.86,ok,-13.75,L ,39.02,L ,2.56,ok,263,ok
94,NGC 3003,0.21,ok,0.11,ok,0.009,ok,0.27,ok,-12.99,L ,39.86,L ,151.03,ok,87,ok
95,NGC 3027,0.49,ok,0.57,ok,0.037,b,0.19,ok,-14.72,ok,37.93,ok,8.59,ok,140,u
96,NGC 3031,0.29,ok,1.2,ok,1.25,ok,2.22,ok,-12.73,L ,37.64,L ,2.64,ok,210,ok
97,NGC 3034,0.04,ok,0.02,ok,0.009,ok,0.56,ok,-11.8,L ,39.71,L ,166.84,ok,124,ok
98,NGC 3041,0.36,ok,0.19,ok,0.07,u,0.44,ok,-14.73,ok,38.06,ok,2.43,ok,167,u
99,NGC 3043,0.27,ok,0.1,ok,0.038,ok,0.36,ok,-14.18,ok,39.08,ok,15.44,ok,86,ok
100,NGC 3073,0.33,s ,0.25,ok,0.023,b,0.3,ok,-14.03,ok,38.62,ok,6.4,ok,80,ok
101,NGC 3077,0.27,ok,0.2,ok,0.003,ok,0.21,ok,-12.87,L ,37.85,L ,169,ok,64,ok
102,NGC 3079,0.04,b ,0.15,b,0.18,ok,1.59,ok,-13.93,ok,38.76,ok,11.66,ok,900,ok
103,NGC 3147,0.19,ok,1.16,ok,0.15,ok,2.71,ok,-13.83,ok,39.47,ok,2,ok,427,ok
104,NGC 3162,0.29,ok,0.05,ok,0.013,ok,0.34,ok,-13.43,L ,39.34,L ,21.27,ok,131,ok
105,NGC 3166,0.15,b ,0.41,ok,0.27,ok,2.57,ok,-13.66,ok,39.1,ok,2.39,ok,344,ok
106,NGC 3169,0.2,b ,0.57,ok,0.28,ok,2.07,ok,-13.65,ok,39.02,ok,2.19,ok,348,ok
107,NGC 3184,0.23,ok,0.03,ok,0.009,ok,0.33,ok,-13.12,ok,38.83,ok,77.49,ok,126,ok
108,NGC 3185,0.2,ok,0.68,ok,0.045,ok,0.7,ok,-13.13,ok,39.6,ok,19.93,ok,232,ok
109,NGC 3190,0.38,ok,0.78,ok,0.34,ok,3.47,ok,-13.96,ok,38.82,ok,1,ok,494,ok
110,NGC 3193,0.67,ok,1.67,ok,0.3,u,1.27,ok,-14.61,ok,38.2,ok,0.29,ok,319,ok
111,NGC 3198,0.16,ok,0.04,ok,0.025,ok,0.42,ok,-13.78,ok,38.37,ok,29.79,ok,122,ok
112,NGC 3226,0.45,ok,1.01,ok,0.59,ok,1.45,ok,-13.88,ok,38.93,ok,3.39,ok,465,ok
113,NGC 3227,0.34,b ,2.02,ok,0.23,ok,1.33,ok,-12.33,L ,40.38,L ,16.29,ok,471,ok
114,NGC 3245,0.21,ok,0.13,ok,0.086,c,0.85,ok,-13.18,ok,39.59,ok,4.24,ok,584,ok
115,NGC 3254,0.16,ok,1.5,ok,0.07,b,1.14,ok,-14.4,ok,38.43,ok,1.61,ok,155,ok
116,NGC 3294,0.24,ok,0.28,ok,0.028,c,0.6,ok,-14.05,ok,38.88,ok,7.89,ok,140,ok
117,NGC 3301,0.36,b ,0.12,b,0.26,ok,1.16,ok,-13.59,L ,39.22,L ,2.44,ok,412,ok
118,NGC 3310,0.21,ok,0.2,ok,0.036,ok,0.66,ok,-12.77,L ,39.85,L ,40.26,ok,143,ok
119,NGC 3319,0.32,c ,0.32,b,0.13,u,0.16,ok,-15.17,ok,37.03,ok,1.79,ok,101,ok
120,NGC 3338,0.33,s ,0.3,ok,0.093,u,0.49,ok,-14.64,ok,38.15,ok,1.47,ok,172,u
121,NGC 3344,0.27,ok,0.23,ok,0.047,u,0.42,ok,-12.77,ok,38.88,ok,34.16,ok,128,ok
122,NGC 3346,0.17,ok,0.04,ok,0.018,ok,0.32,ok,-14.14,ok,38.63,ok,28.68,ok,124,u
123,NGC 3351,0.23,ok,0.06,ok,0.019,ok,0.46,ok,-13.25,ok,38.64,ok,12.52,ok,183,ok
124,NGC 3359,0.27,b ,0.15,ok,0.04,ok,0.31,ok,-14.46,ok,38.18,ok,6.09,ok,84,ok
125,NGC 3367,0.23,ok,0.11,ok,0.031,ok,0.83,ok,-12.38,ok,40.98,ok,130.46,ok,293,ok
126,NGC 3368,0.13,b ,0.24,b,0.18,ok,1.11,ok,-13.64,L ,38.25,L ,2.65,ok,231,ok
127,NGC 3370,0.24,ok,0.06,ok,0.02,u,0.33,ok,-14.07,ok,38.75,ok,6.2,ok,142,u
128,NGC 3379,0.33,sc,0.61,b,0.32,u,1.66,c,-13.95,c ,37.94,c ,0.47,c,-99,ok
129,NGC 3389,0.27,ok,0.03,b,0.014,b,0.34,ok,-14.18,ok,38.6,ok,18.83,ok,125,u
130,NGC 3395,0.3,ok,0.23,ok,0.035,ok,0.31,ok,-13.56,L ,39.4,L ,28.52,ok,80,ok
131,NGC 3414,0.31,ok,0.67,ok,0.24,b,1.47,ok,-13.64,L ,39.23,L ,2.44,ok,545,ok
132,NGC 3423,0.29,ok,0.21,ok,0.042,ok,0.47,ok,-14.47,ok,37.68,ok,4.88,ok,82,ok
133,NGC 3430,0.22,ok,0.05,ok,0.02,ok,0.35,ok,-13.89,ok,39.04,ok,17.45,ok,157,ok
134,NGC 3432,0.3,ok,0.51,ok,0.012,ok,0.14,ok,-13.57,ok,38.29,ok,111.71,ok,73,ok
135,NGC 3433,0.59,b ,0.16,c,0.87,u,0.67,ok,-15.16,ok,38.11,ok,1.01,ok,158,ok
136,NGC 3448,0.29,ok,0.63,ok,0.01,ok,0.12,ok,-13.18,ok,39.67,ok,274.17,ok,100,ok
137,NGC 3486,0.3,ok,1.37,ok,0.092,ok,1.05,ok,-14.02,ok,37.79,ok,2.77,ok,149,ok
138,NGC 3489,0.46,ok,1.35,ok,0.11,b,1.33,ok,-13.49,ok,38.2,ok,1.39,ok,215,ok
139,NGC 3495,0.16,b ,0.06,u,0.05,b,0.42,ok,-14.75,ok,37.55,ok,6.39,ok,114,u
140,NGC 3504,0.23,ok,0.12,ok,0.023,ok,0.59,ok,-12.12,ok,40.81,ok,61.16,ok,205,ok
141,NGC 3507,0.26,ok,0.26,ok,0.18,ok,1.1,ok,-13.28,ok,39.39,ok,13.61,ok,232,ok
142,NGC 3516,0.42,ok,3.91,ok,0.15,ok,1.31,ok,-13.05,L ,40.21,L ,3.28,ok,308,ok
143,NGC 3521,0.27,c ,0.27,u,0.23,u,0.64,b,-13.61,b ,38.18,b ,1.29,b,445,b
144,NGC 3556,0.14,ok,0.04,ok,0.012,ok,0.32,ok,-13.36,ok,39.02,ok,36.96,ok,86,ok
145,NGC 3583,0.12,ok,0.08,ok,0.047,b,0.71,ok,-13.78,ok,39.36,ok,7.49,ok,199,ok
146,NGC 3593,0.17,ok,0.24,ok,0.042,ok,0.55,ok,-13.41,ok,38.15,ok,13.13,ok,134,ok
147,NGC 3596,0.27,ok,0.07,ok,0.018,b,0.42,ok,-13.61,ok,39.19,ok,12.61,ok,167,u
148,NGC 3600,0.27,ok,0.54,ok,0.027,ok,0.14,ok,-13.64,ok,38.48,ok,31.11,ok,88,ok
149,NGC 3607,0.18,ok,0.41,ok,0.19,ok,2.13,ok,-13.75,ok,38.93,ok,2.03,ok,404,ok
150,NGC 3608,0.33,s ,0.97,b,0.19,u,1.3,b,-14.54,b ,38.28,b ,0.32,b,391,b
151,NGC 3623,0.35,c ,0.81,b,0.3,u,3.23,ok,-14.03,ok,37.77,ok,0.83,ok,366,ok
152,NGC 3626,0.21,b ,0.24,b,0.34,ok,1.68,ok,-13.5,ok,39.42,ok,2.83,ok,413,ok
153,NGC 3627,0.17,ok,0.49,ok,0.13,ok,1.44,ok,-13.22,ok,38.5,ok,4.25,ok,220,ok
154,NGC 3628,0.21,ok,0.37,ok,0.12,ok,0.95,ok,-14.98,ok,36.87,ok,3.18,ok,82,ok
155,NGC 3631,0.3,b ,0.09,c,0.059,u,0.43,ok,-14.17,ok,38.58,ok,2.69,ok,92,ok
156,NGC 3642,0.31,ok,0.41,ok,0.18,ok,0.71,ok,-13.61,L ,39.35,L ,7.2,ok,167,ok
157,NGC 3646,0.26,ok,0.54,ok,0.065,u,0.8,ok,-14.17,ok,39.42,ok,2.69,ok,-99,ok
158,NGC 3652,0.25,ok,0.15,ok,0.031,ok,0.3,ok,-13.79,ok,39.33,ok,31.53,ok,97,ok
159,NGC 3655,0.15,ok,0.56,ok,0.059,ok,0.72,ok,-13.46,L ,39.47,L ,9.68,ok,205,ok
160,NGC 3665,0.19,b ,0.1,b,0.061,u,0.61,b,-13.82,b ,39.28,b ,3.42,b,396,b
161,NGC 3666,0.2,ok,0.05,ok,0.03,c,0.42,ok,-14.33,ok,38.21,ok,5.49,ok,118,ok
162,NGC 3675,0.31,c ,0.4,ok,0.12,b,1.49,ok,-14.11,ok,38.19,ok,1.21,ok,196,ok
163,NGC 3681,0.45,b ,0.56,ok,0.14,c,0.77,ok,-14.56,ok,38.29,ok,1.38,ok,178,ok
164,NGC 3684,0.27,ok,0.09,ok,0.03,c,0.33,ok,-14.15,ok,38.67,ok,8.78,ok,86,ok
165,NGC 3686,0.29,ok,0.04,ok,0.005,ok,0.31,ok,-13.02,ok,39.8,ok,59.54,ok,96,ok
166,NGC 3690,0.17,ok,0.23,ok,0.031,ok,0.4,ok,-12.67,ok,40.62,ok,64.49,ok,181,ok
167,NGC 3692,0.26,ok,0.67,ok,0.12,ok,1.15,ok,-14.8,L ,38.23,L ,2.06,ok,89,ok
168,NGC 3705,0.19,ok,0.21,ok,0.079,b,0.88,ok,-13.88,ok,38.66,ok,3.96,ok,190,ok
169,NGC 3718,0.23,c ,0.7,ok,0.66,ok,0.86,ok,-14.08,L ,38.46,L ,3.27,ok,371,ok
170,NGC 3726,0.29,ok,0.04,ok,0.01,ok,0.31,ok,-13.34,ok,39.2,ok,22.92,ok,63,ok
171,NGC 3729,0.19,ok,0.2,ok,0.046,ok,0.51,ok,-13.03,ok,39.51,ok,76.74,ok,204,ok
172,NGC 3735,0.16,ok,1.13,ok,0.053,ok,0.85,ok,-13.48,ok,39.82,ok,12.05,ok,274,ok
173,NGC 3738,0.38,ok,1.14,ok,0.03,ok,0.1,ok,-13.63,ok,37.72,ok,53.45,ok,107,ok
174,NGC 3756,0.2,ok,0.09,b,0.053,u,0.32,ok,-14.73,ok,38.09,ok,4.25,ok,86,ok
175,NGC 3780,1.69,u ,1.45,c,0.35,c,3.17,c,-15.54,c ,37.68,c ,0.3,c,179,ok
176,NGC 3810,0.31,ok,0.06,b,0.029,c,0.64,ok,-14.26,ok,38.27,ok,2.54,ok,84,ok
177,NGC 3813,0.18,ok,0.05,ok,0.029,ok,0.36,ok,-14.03,ok,38.89,ok,8.6,ok,79,ok
178,NGC 3877,0.18,ok,0.02,ok,0.01,ok,0.35,ok,-12.98,ok,39.56,ok,44.53,ok,129,ok
179,NGC 3884,0.35,ok,0.79,ok,0.58,ok,2.07,ok,-13.7,ok,40.3,ok,6.49,ok,535,ok
180,NGC 3893,0.22,ok,0.05,ok,0.022,b,0.37,ok,-13.8,ok,38.74,ok,7.16,ok,112,ok
181,NGC 3898,0.35,b ,0.73,ok,0.091,c,1.48,ok,-13.91,L ,38.85,L ,1.46,ok,232,ok
182,NGC 3900,1.1,u ,1.8,c,0.58,u,1.48,c,-14.92,c ,38.09,c ,0.17,c,-99,ok
183,NGC 3917,0.41,ok,0.41,ok,0.13,u,0.73,ok,-15.25,ok,37.29,ok,2,ok,120,u
184,NGC 3938,0.35,c ,0.62,u,0.14,u,0.53,c,-14.84,b ,37.7,b ,1.09,b,88,c
185,NGC 3941,0.2,c ,0.7,ok,0.13,u,1.56,ok,-13.96,ok,38.67,ok,0.78,ok,273,ok
186,NGC 3945,0.29,ok,0.65,ok,0.23,b,2.61,ok,-14.21,ok,38.57,ok,0.78,ok,255,ok
187,NGC 3949,0.28,ok,0.06,ok,0.05,c,0.4,ok,-13.88,L ,38.66,L ,4.78,ok,135,u
188,NGC 3953,0.21,ok,0.33,ok,0.12,b,1.21,ok,-14.16,ok,38.38,ok,1.85,ok,153,ok
189,NGC 3963,0.19,ok,0.03,b,0.015,b,0.32,ok,-13.73,ok,39.61,ok,19.31,ok,100,ok
190,NGC 3976,0.23,b ,0.81,ok,0.1,b,1.96,ok,-14.02,ok,39.21,ok,1.3,ok,279,ok
191,NGC 3982,0.2,ok,4.22,ok,0.32,ok,0.87,ok,-13.33,ok,39.21,ok,18.03,ok,227,ok
192,NGC 3992,0.48,ok,0.95,ok,0.13,c,1.73,ok,-14.12,L ,38.42,L ,1.36,ok,264,ok
193,NGC 3998,0.21,b ,0.42,ok,0.53,ok,1.08,ok,-12.75,ok,40,ok,9.11,ok,401,ok
194,NGC 4013,0.49,u ,0.35,c,0.11,b,1.13,ok,-14.71,ok,37.82,ok,1.39,ok,133,ok
195,NGC 4036,0.35,ok,0.65,ok,0.46,ok,2.25,ok,-13.51,ok,39.35,ok,4.16,ok,359,ok
196,NGC 4041,0.16,ok,0.06,ok,0.041,ok,0.64,ok,-13.33,ok,39.46,ok,21.99,ok,129,ok
197,NGC 4051,0.3,ok,1.36,ok,0.14,ok,0.64,ok,-12.49,L ,40.04,L ,20.27,ok,228,ok
198,NGC 4062,0.19,ok,0.08,ok,0.036,c,0.45,ok,-14.44,L ,37.62,L ,5.15,ok,97,ok
199,NGC 4064,0.22,ok,0.02,ok,0.005,ok,0.27,ok,-12.99,ok,39.54,ok,55.73,ok,114,ok
200,NGC 4088,0.14,ok,0.03,ok,0.011,b,0.32,ok,-13.54,ok,39,ok,29.4,ok,171,ok
201,NGC 4096,0.24,ok,0.01,b,0.01,b,0.28,ok,-13.82,ok,38.15,ok,14.27,ok,74,ok
202,NGC 4100,0.19,ok,0.04,ok,0.012,ok,0.35,ok,-13.19,ok,39.35,ok,40.43,ok,113,ok
203,NGC 4102,0.12,ok,0.12,ok,0.041,ok,0.92,ok,-12.52,ok,40.02,ok,35,ok,220,ok
204,NGC 4111,0.21,ok,0.18,ok,0.19,b,1.31,ok,-13.14,ok,39.4,ok,2.31,ok,291,ok
205,NGC 4123,0.18,ok,0.06,ok,0.018,ok,0.53,ok,-12.53,ok,40.35,ok,116.97,ok,155,ok
206,NGC 4124,0.21,ok,0.06,ok,0.026,b,0.33,ok,-13.83,ok,38.7,ok,6.1,ok,109,ok
207,NGC 4125,0.4,ok,0.57,ok,0.14,b,2.07,ok,-13.89,L ,38.96,L ,1.34,ok,301,ok
208,NGC 4136,0.29,ok,0.19,ok,0.017,b,0.33,ok,-13.94,ok,38.12,ok,16.78,ok,137,u
209,NGC 4138,0.27,ok,1.62,ok,0.33,ok,1.47,ok,-14,ok,38.54,ok,2.36,ok,211,ok
210,NGC 4143,0.62,ok,1.32,ok,0.71,ok,1.75,ok,-13.85,ok,38.69,ok,1.53,ok,307,ok
211,NGC 4144,0.17,ok,0.33,ok,0.029,u,0.14,ok,-14.56,ok,36.74,ok,69,ok,127,u
212,NGC 4145,0.34,c ,0.37,c,0.13,c,0.61,b,-14.99,b ,37.72,b ,1.75,b,-99,ok
213,NGC 4150,0.4,ok,0.35,ok,0.13,ok,0.98,ok,-13.87,ok,38.18,ok,2.11,ok,245,ok
214,NGC 4151,0.29,ok,3.4,ok,0.22,ok,0.68,ok,-11.48,L ,41.22,L ,48.89,ok,331,ok
215,NGC 4152,0.22,ok,0.05,ok,0.009,ok,0.49,ok,-13.22,L ,39.94,L ,33.38,ok,138,ok
216,NGC 4157,0.09,ok,0.02,b,0.017,b,0.34,ok,-13.88,ok,38.66,ok,6.21,ok,99,ok
217,NGC 4162,0.23,ok,0.16,ok,0.026,b,0.48,ok,-14.01,L ,39.24,L ,5.28,ok,127,ok
218,NGC 4168,0.54,c ,2.04,b,0.27,u,2.85,ok,-14.93,ok,37.6,ok,0.3,ok,305,ok
219,NGC 4169,0.04,c ,0.8,ok,0.35,b,2.75,ok,-14.4,ok,39.08,ok,1.02,ok,386,ok
220,NGC 4178,0.32,ok,0.11,ok,0.022,b,0.32,ok,-14.3,ok,38.23,ok,17.31,ok,146,u
221,NGC 4183,0.21,ok,0.19,ok,0.027,ok,0.24,ok,-13.92,ok,38.62,ok,30.85,ok,68,ok
222,NGC 4192,0.07,b ,0.14,b,0.14,ok,1.41,ok,-13.56,ok,38.97,ok,4.64,ok,266,ok
223,NGC 4203,0.97,b ,1.51,ok,1.22,b,1.84,ok,-13.7,ok,38.35,ok,1.57,ok,346,ok
224,NGC 4212,0.21,ok,0.03,ok,0.017,ok,0.41,ok,-13.14,ok,39.39,ok,46.1,ok,131,ok
225,NGC 4214,0.36,ok,1.32,ok,0.007,ok,0.07,ok,-12.58,ok,38.58,ok,125.92,ok,102,ok
226,NGC 4216,0.23,ok,0.47,ok,0.12,b,2.04,ok,-14,ok,38.53,ok,0.86,ok,344,ok
227,NGC 4217,0.18,ok,0.1,ok,0.049,b,0.46,ok,-14.61,ok,37.93,ok,6.31,ok,139,u
228,NGC 4220,0.11,b ,0.29,ok,0.12,b,1.05,ok,-14.28,ok,38.26,ok,2.63,ok,184,ok
229,NGC 4235,0.13,ok,1.64,ok,0.85,ok,2.57,ok,-13.92,ok,39.25,ok,3.14,ok,398,ok
230,NGC 4236,0.34,ok,0.7,ok,0.026,ok,0.17,ok,-14.37,L ,36.39,L ,-99,ok,124,u
231,NGC 4242,0.45,u ,0.45,u,0.27,u,0.27,c,-15.66,b ,36.17,b ,1.1,b,-99,ok
232,NGC 4244,0.29,ok,0.25,ok,0.026,u,0.22,ok,-14.41,ok,36.65,ok,3.95,ok,137,u
233,NGC 4245,0.48,b ,0.41,ok,0.038,u,0.7,ok,-14.3,ok,37.75,ok,1.55,ok,122,ok
234,NGC 4254,0.16,ok,0.15,ok,0.022,ok,0.48,ok,-13.72,ok,38.81,ok,8.06,ok,87,ok
235,NGC 4258,0.25,ok,2.62,ok,0.38,ok,0.8,ok,-13.4,ok,38.35,ok,3.28,ok,296,ok
236,NGC 4261,0.2,b ,0.5,ok,0.49,ok,2.6,ok,-13.82,ok,39.35,ok,2.02,ok,369,ok
237,NGC 4273,0.23,ok,0.04,ok,0.011,ok,0.38,ok,-12.91,ok,40.26,ok,62.35,ok,133,ok
238,NGC 4274,0.31,sb,0.13,u,0.036,b,0.61,ok,-13.58,ok,38.47,ok,4.65,ok,114,ok
239,NGC 4278,0.39,ok,0.51,ok,0.41,ok,1.22,ok,-12.88,ok,39.17,ok,8.04,ok,479,ok
240,NGC 4281,0.36,c ,0.54,u,0.19,u,2.11,b,-14.56,b ,38.61,b ,0.48,b,-99,ok
241,NGC 4293,0.13,ok,0.22,ok,0.18,ok,1.41,ok,-13.77,ok,38.77,ok,6.84,ok,260,ok
242,NGC 4298,0.2,ok,0.05,ok,0.016,ok,0.33,ok,-13.53,ok,39,ok,47.63,ok,104,ok
243,NGC 4303,0.25,ok,0.34,ok,0.045,ok,0.78,ok,-12.84,ok,39.6,ok,12.32,ok,164,ok
244,NGC 4314,0.28,ok,0.2,ok,0.18,b,1.01,ok,-13.6,ok,38.45,ok,2.78,ok,205,ok
245,NGC 4321,0.22,ok,0.18,ok,0.11,ok,1.18,ok,-13.54,ok,38.99,ok,7.85,ok,235,ok
246,NGC 4324,0.86,c ,1.46,b,0.16,u,0.63,b,-14.22,b ,38.95,b ,0.69,b,176,ok
247,NGC 4346,1.54,u ,1.96,c,0.79,u,3.72,c,-15,c ,37.53,c ,0.13,c,269,b
248,NGC 4350,0.32,sb,0.53,u,0.18,u,1.36,b,-14.27,bL,38.26,bL,0.63,b,581,b
249,NGC 4369,0.33,ok,0.14,ok,0.014,ok,0.37,ok,-13.06,ok,39.68,ok,29.76,ok,112,ok
250,NGC 4374,0.21,ok,0.36,ok,0.33,ok,1.81,ok,-13.64,ok,38.89,ok,2.08,ok,331,ok
251,NGC 4378,0.28,b ,1.14,ok,0.3,b,2.78,ok,-14.36,ok,38.8,ok,0.86,ok,340,ok
252,NGC 4380,0.25,ok,0.29,ok,0.048,b,0.67,ok,-14.51,ok,38.02,ok,2.01,ok,124,ok
253,NGC 4388,0.17,ok,1.91,ok,0.16,ok,0.57,ok,-12.46,L ,40.07,L ,217.66,ok,280,ok
254,NGC 4394,0.23,ok,0.64,ok,0.44,ok,1.08,ok,-14.2,ok,38.33,ok,1.37,ok,134,ok
255,NGC 4395,0.47,ok,2.93,ok,0.36,ok,0.44,ok,-13.31,L ,37.88,L ,132.59,ok,123,u
256,NGC 4405,0.24,ok,0.04,ok,0.026,ok,0.33,ok,-13.82,ok,39.26,ok,13.48,ok,99,ok
257,NGC 4414,0.33,u ,0.19,L,0.14,u,0.59,L,-14,u ,38.05,u ,0.98,u,310,ok
258,NGC 4419,0.08,ok,0.17,ok,0.075,ok,0.98,ok,-13.28,ok,39.25,ok,9.8,ok,248,ok
259,NGC 4424,0.18,ok,0.05,ok,0.014,b,0.33,ok,-13.51,L ,39.02,L ,23.51,ok,67,ok
260,NGC 4429,0.17,ok,0.18,ok,0.097,b,1.32,ok,-14.02,ok,38.51,ok,1.76,ok,306,ok
261,NGC 4435,0.16,ok,0.11,ok,0.13,b,0.68,ok,-13.55,ok,38.98,ok,3.18,ok,349,ok
262,NGC 4438,0.17,ok,0.27,ok,0.27,ok,1.64,ok,-13.15,ok,39.37,ok,11.3,ok,354,ok
263,NGC 4448,0.25,ok,0.06,ok,0.022,b,0.45,ok,-13.49,ok,38.57,ok,16.03,ok,214,ok
264,NGC 4449,0.31,ok,0.74,ok,0.022,ok,0.14,ok,-12.62,ok,38.42,ok,44.01,ok,104,ok
265,NGC 4450,0.39,ok,0.83,ok,0.67,ok,1.94,ok,-13.67,L ,38.86,L ,2.89,ok,301,ok
266,NGC 4457,0.26,ok,0.23,ok,0.19,ok,1.04,ok,-12.99,ok,39.57,ok,4.5,ok,273,ok
267,NGC 4459,0.3,c ,0.12,c,0.13,u,1.22,ok,-13.78,ok,38.75,ok,1.42,ok,381,ok
268,NGC 4460,0.22,ok,0.27,ok,0.021,ok,0.23,ok,-13.24,ok,38.66,ok,31.82,ok,79,ok
269,NGC 4469,0.14,ok,0.13,ok,0.04,ok,0.52,ok,-14.37,ok,38.16,ok,3.67,ok,119,ok
270,NGC 4470,0.35,ok,0.14,ok,0.023,ok,0.29,ok,-13.83,L ,39.24,L ,33.84,ok,131,u
271,NGC 4472,0.33,sc,1.65,u,1.36,u,3.43,c,-14.94,c ,37.59,c ,0.11,c,299,c
272,NGC 4477,0.26,ok,0.95,ok,0.12,ok,1.87,ok,-13.69,ok,38.84,ok,2.8,ok,264,ok
273,NGC 4485,0.39,u ,0.53,ok,0.18,ok,0.2,ok,-14.79,ok,37.23,ok,4.18,ok,103,ok
274,NGC 4486,0.23,ok,0.43,ok,0.3,ok,2.12,ok,-13.09,ok,39.44,ok,15.54,ok,999,ok
275,NGC 4490,0.16,c ,0.4,ok,0.12,ok,0.25,ok,-14.08,ok,37.78,ok,5.32,ok,108,ok
276,NGC 4494,0.56,u ,0.65,c,0.48,u,1.61,L,-14.51,u ,37.54,u ,0.24,u,364,b
277,NGC 4496,0.37,ok,0.73,ok,0.027,ok,0.12,ok,-13.85,ok,38.47,ok,713.5,ok,122,u
278,NGC 4496,0.12,ok,0.03,ok,0.019,ok,0.4,ok,-13.36,L ,38.95,L ,54.52,ok,148,ok
279,NGC 4501,0.28,ok,1.47,ok,0.19,ok,2.1,ok,-13.6,ok,38.93,ok,3.99,ok,194,ok
280,NGC 4517,0.13,b ,0.16,ok,0.054,ok,0.51,ok,-14.69,ok,37.37,ok,5.64,ok,85,ok
281,NGC 4526,0.18,ok,0.07,b,0.046,u,0.8,ok,-13.61,ok,38.92,ok,2.14,ok,206,ok
282,NGC 4527,0.1,ok,0.1,ok,0.075,ok,0.75,ok,-13.48,L ,38.86,L ,6.02,ok,159,ok
283,NGC 4532,0.25,ok,0.68,ok,0.018,ok,0.09,ok,-12.77,ok,39.69,ok,433.15,ok,140,u
284,NGC 4535,0.22,ok,0.03,ok,0.011,ok,0.41,ok,-12.81,ok,39.72,ok,54.1,ok,86,ok
285,NGC 4536,0.19,ok,0.06,ok,0.03,ok,0.47,ok,-12.94,ok,39.38,ok,30.75,ok,118,ok
286,NGC 4548,0.4,ok,0.45,ok,0.23,ok,1.38,ok,-14.07,ok,38.46,ok,2.09,ok,177,ok
287,NGC 4550,0.3,ok,0.55,ok,0.17,ok,0.55,ok,-14.11,L ,38.41,L ,1.78,ok,168,ok
288,NGC 4552,0.3,b ,0.34,b,0.13,u,1.5,ok,-14.01,ok,38.52,ok,0.76,ok,708,ok
289,NGC 4559,0.27,ok,0.09,ok,0.028,ok,0.42,ok,-14,ok,38.05,ok,8.91,ok,126,u
290,NGC 4565,0.2,ok,1.76,ok,0.31,ok,2.5,ok,-14.08,ok,37.97,ok,1.44,ok,181,ok
291,NGC 4567,0.22,ok,0.03,b,0.015,b,0.28,ok,-13.75,ok,38.78,ok,10.44,ok,117,ok
292,NGC 4568,0.09,ok,0.03,ok,0.022,ok,0.38,ok,-13.57,ok,38.95,ok,15.49,ok,126,ok
293,NGC 4569,0.2,ok,0.23,ok,0.062,ok,0.9,ok,-12.62,L ,39.91,L ,10.8,ok,341,ok
294,NGC 4579,0.31,sb,0.96,ok,0.48,ok,1.89,ok,-13.09,ok,39.44,ok,7.32,ok,376,ok
295,NGC 4589,0.21,ok,0.5,ok,0.41,ok,1.42,ok,-13.95,ok,39.08,ok,1.97,ok,315,ok
296,NGC 4594,0.29,ok,0.45,ok,0.18,ok,2.19,ok,-12.98,ok,39.7,ok,3.55,ok,509,ok
297,NGC 4596,0.47,c ,0.47,u,0.27,u,1.48,b,-14.58,b ,37.95,b ,0.66,b,278,b
298,NGC 4605,0.3,ok,0.28,ok,0.061,ok,0.26,ok,-14.1,ok,37.19,ok,9.31,ok,84,ok
299,NGC 4618,0.35,ok,0.64,ok,0.012,ok,0.16,ok,-13.64,ok,38.16,ok,114.05,ok,108,u
300,NGC 4631,0.33,ok,0.5,ok,0.03,u,0.24,ok,-14.33,ok,37.42,ok,233,ok,142,u
301,NGC 4636,0.35,ok,0.67,ok,0.22,ok,1.84,ok,-14.27,ok,38.27,ok,1.41,ok,333,ok
302,NGC 4639,0.31,ok,1.17,ok,0.31,ok,1.12,ok,-14.19,ok,38.34,ok,1.6,ok,180,ok
303,NGC 4643,0.37,c ,0.49,c,0.078,b,1.79,ok,-14.46,ok,38.44,ok,0.54,ok,144,ok
304,NGC 4647,0.26,ok,0.02,ok,0.013,ok,0.22,ok,-14.01,ok,38.52,ok,14.29,ok,100,ok
305,NGC 4651,0.34,ok,0.62,ok,0.29,ok,1.84,ok,-14.29,ok,38.24,ok,1.92,ok,207,ok
306,NGC 4654,0.2,ok,0.03,ok,0.009,ok,0.27,ok,-13.46,ok,39.07,ok,42.08,ok,114,ok
307,NGC 4656,0.24,ok,0.98,ok,0.022,ok,0.05,ok,-13.85,ok,37.95,ok,40.6,ok,139,ok
308,NGC 4688,0.44,ok,0.25,ok,0.053,u,0.3,ok,-14.94,L ,37.6,L ,6.33,ok,131,u
309,NGC 4689,0.19,ok,0.06,ok,0.053,b,0.5,ok,-14.73,ok,37.8,ok,2.71,ok,96,ok
310,NGC 4694,0.19,b ,0.07,ok,0.015,ok,0.32,ok,-13.52,ok,39.01,ok,17.72,ok,102,ok
311,NGC 4698,0.31,ok,1.31,ok,0.074,ok,1.31,ok,-13.84,ok,38.69,ok,2.36,ok,172,ok
312,NGC 4710,0.19,ok,0.12,ok,0.045,ok,0.52,ok,-14.13,ok,38.39,ok,5.07,ok,168,ok
313,NGC 4713,0.24,ok,0.24,ok,0.087,ok,0.44,ok,-14.45,L ,38.14,L ,5.16,ok,93,ok
314,NGC 4725,0.31,ok,2.09,ok,0.089,u,1.14,ok,-14.07,ok,38.19,ok,1.11,ok,186,ok
315,NGC 4736,0.32,c ,0.47,c,0.24,ok,2.15,ok,-13.6,L ,37.75,L ,0.79,ok,191,ok
316,NGC 4750,0.3,ok,0.52,ok,0.6,ok,2.86,ok,-13.87,ok,39.04,ok,5.29,ok,452,ok
317,NGC 4762,1.37,u ,1.7,b,0.48,u,2.2,b,-15.04,b ,37.49,b ,0.11,b,134,ok
318,NGC 4772,0.31,ok,0.92,ok,0.54,ok,1.31,ok,-14.02,L ,38.49,L ,2.19,ok,549,ok
319,NGC 4793,0.11,b ,0.05,c,0.03,u,0.33,ok,-13.6,ok,39.66,ok,11.41,ok,134,ok
320,NGC 4800,0.1,ok,0.1,ok,0.041,b,0.52,ok,-13.82,ok,38.62,ok,3.56,ok,118,ok
321,NGC 4826,0.18,ok,0.27,ok,0.073,ok,1.27,ok,-13.14,L ,38.16,L ,3.54,ok,178,ok
322,NGC 4845,0.12,ok,0.22,ok,0.034,ok,0.73,ok,-13.61,ok,38.85,ok,12.56,ok,178,ok
323,NGC 4866,0.26,ok,0.49,ok,0.23,ok,1.73,ok,-14.06,ok,38.42,ok,1.53,ok,583,ok
324,NGC 4900,0.26,ok,0.08,ok,0.012,ok,0.39,ok,-13.38,L ,39.18,L ,24.89,ok,89,ok
325,NGC 5005,0.39,ok,0.88,ok,0.65,ok,4.94,ok,-13.27,ok,39.47,ok,4.12,ok,672,ok
326,NGC 5012,0.3,b ,0.44,b,0.081,ok,1.07,ok,-14.35,ok,38.94,ok,1.82,ok,170,ok
327,NGC 5033,0.22,ok,1.05,ok,0.29,ok,2.36,ok,-13.3,ok,39.32,ok,4.44,ok,261,ok
328,NGC 5055,0.18,b ,0.34,b,0.17,u,1.48,ok,-13.89,L ,37.91,L ,1.07,ok,214,ok
329,NGC 5077,0.34,ok,0.7,ok,0.34,ok,1.18,ok,-13.62,ok,39.67,ok,4.14,ok,491,ok
330,NGC 5112,0.24,ok,0.17,ok,0.051,ok,0.36,ok,-14.51,ok,38.19,ok,7.59,ok,120,u
331,NGC 5147,0.23,ok,0.1,b,0.035,ok,0.37,ok,-14.46,ok,38.28,ok,6.47,ok,101,ok
332,NGC 5194,0.12,ok,1.06,ok,0.16,ok,2.9,ok,-12.97,L ,38.88,L ,9.93,ok,224,ok
333,NGC 5195,0.53,b ,0.64,u,0.55,b,5.43,b,-14.07,bL,37.94,bL,0.62,b,234,ok
334,NGC 5204,0.49,ok,0.47,ok,0.099,ok,0.18,ok,-14.53,L ,36.91,L ,29.2,ok,79,ok
335,NGC 5248,0.14,ok,0.04,ok,0.035,ok,0.52,ok,-13.38,ok,39.41,ok,7.84,ok,173,ok
336,NGC 5273,0.32,ok,3.56,ok,0.22,ok,1.14,ok,-13.46,L ,39.27,L ,5,ok,147,ok
337,NGC 5297,0.54,u ,0.85,ok,0.25,ok,2.19,ok,-14.94,L ,38.29,L ,1.02,ok,212,ok
338,NGC 5300,0.24,ok,0.06,ok,0.023,ok,0.41,ok,-14.19,ok,38.62,ok,19.58,ok,82,ok
339,NGC 5322,0.25,u ,0.28,u,0.95,c,2.61,b,-14.32,b ,38.75,b ,0.48,b,446,b
340,NGC 5353,0.34,ok,0.41,ok,0.19,b,1.71,ok,-14.11,ok,39.12,ok,1.39,ok,451,ok
341,NGC 5354,0.36,ok,0.8,ok,0.14,b,1.34,ok,-14.4,ok,38.71,ok,0.87,ok,407,ok
342,NGC 5363,0.12,ok,0.29,ok,0.22,ok,1.3,ok,-13.36,ok,39.42,ok,3.76,ok,337,ok
343,NGC 5364,0.38,ok,0.11,b,0.056,u,0.49,ok,-14.75,ok,38.14,ok,2.68,ok,84,ok
344,NGC 5371,0.3,ok,0.62,ok,0.28,ok,2.36,ok,-13.99,ok,39.24,ok,2.71,ok,482,ok
345,NGC 5377,0.22,b ,0.43,ok,0.25,ok,2.15,ok,-13.88,ok,39.18,ok,2.54,ok,294,ok
346,NGC 5383,0.18,ok,0.03,ok,0.034,ok,0.36,ok,-13.65,ok,39.59,ok,15.18,ok,182,ok
347,NGC 5395,0.2,ok,0.61,ok,0.17,ok,1.23,ok,-14.54,ok,38.87,ok,2.04,ok,187,ok
348,NGC 5448,0.13,ok,0.12,ok,0.2,ok,1.03,ok,-13.64,ok,39.47,ok,9.93,ok,362,ok
349,NGC 5457,0.25,ok,0.06,ok,0.017,ok,0.38,ok,-13.33,ok,38.21,ok,19.6,ok,77,ok
350,NGC 5474,0.37,ok,0.65,ok,0.024,ok,0.14,ok,-14.1,L ,37.54,L ,28.43,ok,132,u
351,NGC 5485,0.36,c ,0.91,b,0.21,c,1.83,ok,-14.76,ok,38.35,ok,0.51,ok,397,ok
352,NGC 5523,0.24,ok,0.05,ok,0.022,ok,0.33,ok,-14.2,L ,38.55,L ,14.18,ok,116,u
353,NGC 5548,0.78,ok,7.87,ok,0.36,ok,0.88,ok,-13.03,L ,40.7,L ,2.53,ok,275,ok
354,NGC 5566,0.27,c ,0.51,ok,0.2,b,1.75,ok,-14.26,ok,38.66,ok,0.51,ok,220,ok
355,NGC 5585,0.32,ok,0.55,ok,0.017,ok,0.15,ok,-13.83,L ,37.94,L ,37.67,ok,62,ok
356,NGC 5631,0.23,c ,0.78,ok,0.44,ok,2.61,ok,-14.24,ok,38.87,ok,0.74,ok,421,ok
357,NGC 5656,0.42,u ,0.54,u,0.14,u,0.94,b,-14.64,b ,38.7,b ,0.88,b,216,b
358,NGC 5660,0.26,ok,0.04,ok,0.022,ok,0.41,ok,-13.72,L ,39.5,L ,16.29,ok,62,ok
359,NGC 5669,0.22,ok,0.08,ok,0.015,ok,0.28,ok,-13.45,ok,39.42,ok,56.49,ok,64,ok
360,NGC 5676,0.31,ok,0.08,ok,0.031,b,0.45,ok,-14.1,L ,39.06,L ,3.15,ok,188,ok
361,NGC 5678,0.19,ok,0.12,ok,0.079,ok,0.64,ok,-13.99,ok,39.19,ok,4.97,ok,236,ok
362,NGC 5690,0.09,ok,0.02,ok,0.022,ok,0.32,ok,-13.97,ok,39.03,ok,26.22,ok,127,u
363,NGC 5701,0.46,ok,0.72,ok,0.14,u,0.76,ok,-14.41,L ,38.5,L ,0.82,ok,229,ok
364,NGC 5746,0.14,b ,0.32,b,0.1,b,2.08,ok,-14.54,L ,38.48,L ,0.94,ok,273,ok
365,NGC 5775,0.2,ok,0.06,ok,0.044,ok,0.41,ok,-14.17,L ,38.76,L ,5.97,ok,161,ok
366,NGC 5806,0.22,ok,0.14,ok,0.066,ok,0.58,ok,-13.83,ok,39.15,ok,4.88,ok,289,ok
367,NGC 5813,0.38,u ,0.51,b,0.19,u,2.16,ok,-14.43,L ,38.56,L ,0.54,ok,473,ok
368,NGC 5838,0.11,b ,0.13,b,0.053,c,1.16,b,-13.98,bL,39.01,bL,1.86,b,-99,ok
369,NGC 5846,0.26,ok,0.32,ok,0.091,c,1.57,ok,-14.18,ok,38.81,ok,1.64,ok,450,ok
370,NGC 5850,0.23,ok,0.56,ok,0.22,ok,1.69,ok,-14.33,L ,38.66,L ,1.22,ok,227,ok
371,NGC 5866,0.15,ok,0.31,ok,0.13,u,1.34,ok,-14.44,ok,38.01,ok,1.28,ok,221,ok
372,NGC 5879,0.19,ok,0.37,ok,0.16,ok,0.94,ok,-14.21,ok,38.32,ok,2.49,ok,168,ok
373,NGC 5905,0.23,ok,0.06,ok,0.015,ok,0.4,ok,-13.13,ok,40.25,ok,31.28,ok,291,ok
374,NGC 5907,0.08,b ,0.09,b,0.031,b,0.6,ok,-14.49,ok,37.93,ok,2.27,ok,85,ok
375,NGC 5921,0.22,b ,0.22,b,0.11,ok,0.9,ok,-13.58,L ,39.3,L ,4.69,ok,175,ok
376,NGC 5962,0.22,b ,0.12,ok,0.027,u,0.51,ok,-13.88,ok,39.21,ok,4.54,ok,207,ok
377,NGC 5970,0.41,b ,0.58,b,0.18,c,1.45,ok,-15.02,ok,38.06,ok,0.57,ok,105,ok
378,NGC 5982,1.14,u ,1.24,c,0.49,u,2.42,c,-14.8,c ,38.46,c ,0.24,c,487,c
379,NGC 5985,0.25,ok,0.66,ok,0.3,ok,3.08,ok,-14.32,ok,38.94,ok,3.37,ok,331,ok
380,NGC 6015,0.19,ok,0.08,ok,0.031,ok,0.47,ok,-14.28,ok,38.28,ok,10.42,ok,138,ok
381,NGC 6070,0.17,ok,0.04,b,0.034,u,0.44,ok,-14.1,ok,38.97,ok,6.6,ok,185,ok
382,NGC 6140,0.2,ok,0.13,ok,0.032,ok,0.29,ok,-14.21,ok,38.41,ok,22.04,ok,116,ok
383,NGC 6181,0.21,ok,0.04,ok,0.029,ok,0.48,ok,-13.57,ok,39.64,ok,9.82,ok,180,ok
384,NGC 6207,0.31,ok,0.19,ok,0.016,ok,0.28,ok,-13.54,ok,39.02,ok,119.75,ok,102,ok
385,NGC 6217,0.26,ok,0.07,ok,0.032,ok,0.64,ok,-12.43,ok,40.41,ok,69.15,ok,224,ok
386,NGC 6236,0.24,ok,0.34,ok,0.041,u,0.17,ok,-14.41,ok,38.4,ok,38.8,ok,91,ok
387,NGC 6340,0.43,b ,0.66,ok,0.43,b,1.08,ok,-14.27,ok,38.5,ok,1.11,ok,393,ok
388,NGC 6384,0.32,b ,0.49,ok,0.15,u,1.73,ok,-14.8,ok,38.12,ok,0.62,ok,194,ok
389,NGC 6412,0.28,ok,0.03,ok,0.012,ok,0.28,ok,-13.71,ok,39.11,ok,37.6,ok,122,ok
390,NGC 6482,-99,ok,-99,ok,0.13,u,2.33,ok,-14.28,ok,39.23,ok,1.19,ok,432,ok
391,NGC 6500,0.27,ok,0.38,ok,0.23,ok,0.73,ok,-12.96,ok,40.31,ok,27.35,ok,553,ok
392,NGC 6501,-99,ok,-99,ok,0.87,u,2.98,c,-15.26,c ,38.01,c ,0.11,c,400,c
393,NGC 6503,-99,ok,-99,ok,0.08,ok,0.65,ok,-14.09,ok,37.56,ok,8.39,ok,112,ok
394,NGC 6643,0.17,ok,0.03,ok,0.007,ok,0.32,ok,-13.85,ok,39.04,ok,14.64,ok,120,ok
395,NGC 6689,0.23,ok,0.43,ok,0.067,ok,0.4,ok,-14.71,ok,37.54,ok,9.24,ok,70,ok
396,NGC 6702,-99,ok,-99,ok,0.62,u,2.41,c,-15.07,c ,38.61,c ,0.22,c,424,c
397,NGC 6703,0.63,u ,0.89,ok,0.36,u,3,ok,-14.68,ok,38.51,ok,0.32,ok,330,ok
398,NGC 6946,0.07,ok,0.03,ok,0.038,ok,0.64,ok,-13.01,L ,38.55,L ,34.32,ok,188,ok
399,NGC 6951,0.06,ok,0.42,ok,0.23,ok,2.48,ok,-13.78,ok,39.07,ok,3.8,ok,232,ok
400,NGC 7080,-99,ok,-99,ok,0.042,ok,0.6,ok,-13.49,L ,40.21,L ,16.16,ok,101,ok
401,NGC 7177,0.2,ok,0.2,ok,0.14,ok,0.68,ok,-13.66,ok,38.94,ok,6.07,ok,330,ok
402,NGC 7217,0.13,ok,0.28,ok,0.25,ok,3.13,ok,-13.62,ok,38.86,ok,3.09,ok,270,ok
403,NGC 7331,0.23,ok,0.65,ok,0.097,u,1.44,ok,-13.9,ok,38.49,ok,1.05,ok,221,ok
404,NGC 7448,0.19,ok,0.07,ok,0.051,ok,0.43,ok,-14.01,ok,39.03,ok,4.64,ok,130,ok
405,NGC 7479,0.1,ok,0.4,ok,0.15,ok,1.16,ok,-13.56,ok,39.53,ok,12,ok,394,ok
406,NGC 7626,0.31,u ,0.51,c,0.22,u,2.35,ok,-14.59,ok,38.81,ok,0.6,ok,581,ok
407,NGC 7640,0.36,ok,0.28,ok,0.072,ok,0.26,ok,-14.56,ok,37.39,ok,9.89,ok,78,ok
408,NGC 7741,0.24,ok,0.18,ok,0.013,ok,0.25,ok,-13.61,ok,38.65,ok,102.71,ok,95,ok
409,NGC 7742,0.39,ok,0.99,ok,0.13,ok,1,ok,-13.71,ok,39.07,ok,2.44,ok,183,ok
410,NGC 7743,0.16,ok,0.93,ok,0.24,ok,1.65,ok,-13.26,ok,39.59,ok,7.93,ok,300,ok
411,NGC 7798,0.19,ok,0.05,ok,0.034,ok,0.64,ok,-13.16,ok,39.94,ok,26.95,ok,132,ok
412,NGC 7814,0.64,b ,0.64,u,0.6,b,0.76,u,-15.6,b ,36.83,b ,0.13,b,-99,ok
413,NGC 7817,0.18,ok,0.29,ok,0.014,ok,0.39,ok,-13.25,ok,39.83,ok,70.12,ok,133,ok
414,UGC 3714,0.21,ok,0.07,ok,0.041,ok,0.46,ok,-13.66,ok,39.64,ok,10.66,ok,195,ok
415,UGC 3828,0.2,ok,0.06,ok,0.021,ok,0.39,ok,-13.36,ok,40.06,ok,31.35,ok,199,ok
416,UGC 4028,0.24,ok,0.13,ok,0.036,ok,0.47,ok,-13.75,ok,39.77,ok,14.22,ok,194,ok
417,UGC 6484,0.34,ok,0.14,ok,0.042,b,0.53,ok,-14.78,ok,38.32,ok,2.42,ok,132,u
